<sitelist>
	<site>
		<name>"www.daddiesboardshop.com"</name>
		
		<getprodnametype>"class"</getprodnametype>
		<getprodname>"product-name"</getprodname>
		
		<getprodpricetype>"class"</getprodpricetype>
		<getprodprice>"price"</getprodprice>
		
		<getproddesctype>"class"</getproddesctype>
		<getproddesc>"description"</getproddesc>
		
		<getprodimgtype>"id"</getprodimgtype>
		<getprodimg>"main-image"</getprodimg>
	</site>
	
	<site>
		<name></name>
		
		<getprodnametype></getprodnametype>
		<getprodname></getprodname>
		
		<getprodpricetype></getprodpricetype>
		<getprodprice></getprodprice>
		
		<getproddesctype></getproddesctype>
		<getproddesc></getproddesc>
		
		<getprodimgtype></getprodimgtype>
		<getprodimg></getprodimg>
	</site>	
	</sitelist>